True Values,Predicted Values
0.0005729999999999999,0.0005702913403511047
0.0005620000000000001,0.0005703966617584228
0.0005795,0.0005737362504005432
0.0005275999999999999,0.0005714219212532044
0.000579,0.0005721737742424011
0.0006115000000000001,0.0005700978040695191
